{"cameraMode":{"drawMode":0,"name":"Shaded","section":"Shading Mode"},"sceneLighting":true,"audioPlay":false,"sceneViewState":{"showFog":true,"showMaterialUpdate":false,"showSkybox":true,"showFlares":true,"showImageEffects":true,"showParticleSystems":true},"in2DMode":false,"pivot":{"x":7.335437774658203,"y":12.668078422546387,"z":-0.9351577758789063},"rotation":{"x":0.12561610341072083,"y":0.8297517895698547,"z":-0.2072850912809372,"w":0.5028038620948792},"size":10.707845687866211,"orthographic":false}